spread_date,target_date,NTFS,recession_prob
1983-01-31,1984-01-31,1.8984844020971052,0.015732696424899585
1983-02-28,1984-02-28,1.8954377041173596,0.1383780532526333
1983-03-31,1984-03-31,1.6150853749884717,0.08149876436285808
1983-04-30,1984-04-30,1.4602396348658173,0.0862281517732062
1983-05-31,1984-05-31,1.5425873884160386,0.04131322864733115
1983-06-30,1984-06-30,1.4336527872343123,0.028843293522121085
1983-07-31,1984-07-31,1.7552820248389431,0.010908095995691092
1983-08-31,1984-08-31,1.8179499148653975,0.00010271261213864273
1983-09-30,1984-09-30,1.9393340893550277,4.982417531102617e-05
1983-10-31,1984-10-31,2.137190495769759,0.0005986726316881612
1983-11-30,1984-11-30,2.123255624228829,0.0033941432395135905
1983-12-31,1984-12-31,1.862441654239412,0.0036771839962979045
1984-01-31,1985-01-31,1.8673667597728627,0.004771545866643925
1984-02-29,1985-02-28,1.8109442043461144,0.004800988604050505
1984-03-31,1985-03-31,1.7470712213274155,0.00830934362517987
1984-04-30,1985-04-30,1.8315220790456415,0.011085052758582977
1984-05-31,1985-05-31,2.208306561928488,0.009522192352853188
1984-06-30,1985-06-30,2.658224892916446,0.011635176187369964
1984-07-31,1985-07-31,2.5064210326762524,0.006343185649716862
1984-08-31,1985-08-31,1.6931279510679276,0.005606343414016154
1984-09-30,1985-09-30,1.5106116485061536,0.004392047054672909
1984-10-31,1985-10-31,1.803037553753819,0.0029093468661109023
1984-11-30,1985-11-30,2.19704291598714,0.0029966797590294286
1984-12-31,1985-12-31,2.4722785242491754,0.005130386073022927
1985-01-31,1986-01-31,2.815574980470437,0.005079975516979611
1985-02-28,1986-02-28,2.315196352561821,0.005684759279872952
1985-03-31,1986-03-31,2.234843006470947,0.006445820006889999
1985-04-30,1986-04-30,2.532078991697891,0.005457156867813912
1985-05-31,1986-05-31,2.492663270505854,0.0024983766080834834
1985-06-30,1986-06-30,2.355545118713411,0.0009046436280847963
1985-07-31,1986-07-31,2.399391605989894,0.0012874786616482743
1985-08-31,1986-08-31,2.5025622333633333,0.007157389904844748
1985-09-30,1986-09-30,2.516522190635706,0.01010456456613198
1985-10-31,1986-10-31,2.238237787707344,0.005774427763353963
1985-11-30,1986-11-30,1.7796114231531273,0.0025597540179235017
1985-12-31,1986-12-31,1.252963439194729,0.0013918457134441137
1986-01-31,1987-01-31,1.1447675707990885,0.0006206638408744088
1986-02-28,1987-02-28,0.8694025726768511,0.0019788325525157335
1986-03-31,1987-03-31,0.612872775096507,0.002359002859069668
1986-04-30,1987-04-30,0.8471682462427825,0.0012138122713573883
1986-05-31,1987-05-31,1.4928221326511308,0.0013286411320833633
1986-06-30,1987-06-30,1.5181164192567023,0.0018097285172988123
1986-07-31,1987-07-31,1.2960645017646417,0.0016409528755854128
1986-08-31,1987-08-31,1.2168799505554648,0.0012989047019858087
1986-09-30,1987-09-30,1.691812539647962,0.0012580026192418618
1986-10-31,1987-10-31,1.413944224649091,0.0023416901588930008
1986-11-30,1987-11-30,1.186184753682203,0.006047513000854316
1986-12-31,1987-12-31,0.8764958458003125,0.016039983825383436
1987-01-31,1988-01-31,0.8806682371414178,0.019309118308208768
1987-02-28,1988-02-28,0.7452161240174703,0.030266484649956606
1987-03-31,1988-03-31,0.7732641304122049,0.04469360729341919
1987-04-30,1988-04-30,1.421811584407739,0.0313409117347565
1987-05-31,1988-05-31,2.0304807667946543,0.010441831758663695
1987-06-30,1988-06-30,1.738426592314948,0.009965158866911183
1987-07-31,1988-07-31,1.6847604201435997,0.014876540920750126
1987-08-31,1988-08-31,1.8105193719792991,0.017073150552094504
1987-09-30,1988-09-30,1.9245575032776296,0.0071755747799923325
1987-10-31,1988-10-31,1.977928046248405,0.0120581312969291
1987-11-30,1988-11-30,1.9759125672685864,0.01799630481655661
1987-12-31,1988-12-31,1.94928929566671,0.02993020847538506
1988-01-31,1989-01-31,1.5450882320162533,0.02973385626739875
1988-02-29,1989-02-28,1.3031289538988233,0.036678816497726585
1988-03-31,1989-03-31,1.4172139168887505,0.035141018992088165
1988-04-30,1989-04-30,1.603487948881029,0.011887721485205753
1988-05-31,1989-05-31,1.8153183206412968,0.003640850470333336
1988-06-30,1989-06-30,1.6342350859187866,0.006555462285697093
1988-07-31,1989-07-31,1.440093091546189,0.007273763224833793
1988-08-31,1989-08-31,1.2175706216498416,0.005689545648611664
1988-09-30,1989-09-30,0.8689817693186768,0.004526092428261401
1988-10-31,1989-10-31,0.6577881941044487,0.004058522057874869
1988-11-30,1989-11-30,0.4756356258196869,0.004075361937532405
1988-12-31,1989-12-31,0.4735798061796562,0.004303749900088462
1989-01-31,1990-01-31,0.3423096185197946,0.009477907352176209
1989-02-28,1990-02-28,0.25504747718454474,0.01469294022039168
1989-03-31,1990-03-31,0.13849182200161916,0.0119870530811784
1989-04-30,1990-04-30,0.08548182321148694,0.00849374404571247
1989-05-31,1990-05-31,-0.11029688220912769,0.005635685841161991
1989-06-30,1990-06-30,-0.5624738774708967,0.008012549868760568
1989-07-31,1990-07-31,-0.6669671583974806,0.011499785099743573
1989-08-31,1990-08-31,-0.3437646754719553,0.0170528531883982
1989-09-30,1990-09-30,-0.1762654016374438,0.030286531991702458
1989-10-31,1990-10-31,-0.30566300811115915,0.0418286287412554
1989-11-30,1990-11-30,-0.42188338541310455,0.054436604951412865
1989-12-31,1990-12-31,-0.39654353697652994,0.05459440701578954
1990-01-31,1991-01-31,-0.0011929139299333173,0.06544068607136161
1990-02-28,1991-02-28,0.2665584044367546,0.07352920768580609
1990-03-31,1991-03-31,0.4454183431296963,0.08549800441185107
1990-04-30,1991-04-30,0.6737425378930639,0.09140119810708519
1990-05-31,1991-05-31,0.5528353432912175,0.11582155064330363
1990-06-30,1991-06-30,0.3778366841154274,0.18890542372770946
1990-07-31,1991-07-31,0.32446455635171806,0.20916302271476717
1990-08-31,1991-08-31,0.4791867915686448,0.15058924942238266
1990-09-30,1991-09-30,0.5931395110883126,0.12501056089383433
1990-10-31,1991-10-31,0.5944090975560942,0.14448478943862408
1990-11-30,1991-11-30,0.5465405443251496,0.16363492925164713
1990-12-31,1991-12-31,0.5278420751085664,0.15932510707361858
1991-01-31,1992-01-31,0.9640905093121236,0.10169561311478242
1991-02-28,1992-02-28,1.131050406099875,0.07242042843409938
1991-03-31,1992-03-31,1.5248164484551499,0.05679265281068995
1991-04-30,1992-04-30,1.6969494329770682,0.04084748271027485
1991-05-31,1992-05-31,1.8701213490980018,0.04876768304033207
1991-06-30,1992-06-30,1.9696218379117532,0.06235240764766302
1991-07-31,1992-07-31,1.9126531337591297,0.06703602979645362
1991-08-31,1992-08-31,1.6048140922863623,0.054164872128309935
1991-09-30,1992-09-30,1.5302852606748274,0.04600131087242103
1991-10-31,1992-10-31,1.4798468552714776,0.04591626159765305
1991-11-30,1992-11-30,1.609873685088902,0.049211505561677
1991-12-31,1992-12-31,1.6557013187669318,0.050548907785638524
1992-01-31,1993-01-31,2.066849486647096,0.026027031063912437
1992-02-29,1993-02-28,2.4296979340327494,0.01976148221098089
1992-03-31,1993-03-31,2.695575786492113,0.00984212327925216
1992-04-30,1993-04-30,2.7425029048776546,0.00710479031636543
1992-05-31,1993-05-31,2.713810628738859,0.005051973842093088
1992-06-30,1993-06-30,2.3662832691391027,0.004128325668307545
1992-07-31,1993-07-31,2.069692082063433,0.004636726739167993
1992-08-31,1993-08-31,1.9881645724466164,0.008472477931643345
1992-09-30,1993-09-30,1.9483418326397501,0.009742682510081915
1992-10-31,1993-10-31,2.1007490642062976,0.01069397550266217
1992-11-30,1993-11-30,2.4016466887503167,0.00839177064054074
1992-12-31,1993-12-31,2.423640213462637,0.007690968587192882
1993-01-31,1994-01-31,2.1827703232967766,0.0033748248471122634
1993-02-28,1994-02-28,1.8096084468185334,0.0015328158177362846
1993-03-31,1994-03-31,1.520332780782701,0.0008280892552282224
1993-04-30,1994-04-30,1.5122868313301534,0.000740362181745851
1993-05-31,1994-05-31,1.6020186364072235,0.0007929224581179793
1993-06-30,1994-06-30,1.6220918178241115,0.0017669951122999787
1993-07-31,1994-07-31,1.536000045736942,0.003354787256068215
1993-08-31,1994-08-31,1.452407996408971,0.003973950905048832
1993-09-30,1994-09-30,1.276448131313511,0.004312084512191042
1993-10-31,1994-10-31,1.22911105562122,0.003142730659597018
1993-11-30,1994-11-30,1.5305661887225765,0.0016326732632593168
1993-12-31,1994-12-31,1.593579776457618,0.0015538962849703905
1994-01-31,1995-01-31,1.6084374745309322,0.002639483939523247
1994-02-28,1995-02-28,1.6639833377432773,0.005699820637340595
1994-03-31,1995-03-31,1.9611102243402574,0.009924311047301817
1994-04-30,1995-04-30,2.4196200669961065,0.010073300353587509
1994-05-31,1995-05-31,2.272815943458649,0.008517360714748911
1994-06-30,1995-06-30,2.188564005877109,0.008199651982356823
1994-07-31,1995-07-31,2.1958128477129812,0.009639708101209182
1994-08-31,1995-08-31,2.096139696911932,0.011244701668861294
1994-09-30,1995-09-30,2.047457439159496,0.015396735729586143
1994-10-31,1995-10-31,2.086796004805171,0.016716743704766463
1994-11-30,1995-11-30,2.1845484924877434,0.009737598112938832
1994-12-31,1995-12-31,2.097394732597457,0.008654119839211811
1995-01-31,1996-01-31,1.871245652502403,0.008414611241674506
1995-02-28,1996-02-28,1.4559135480630543,0.007569967915662697
1995-03-31,1996-03-31,1.0090807801735624,0.004200968004895322
1995-04-30,1996-04-30,0.8237852967519143,0.0015680316910811976
1995-05-31,1996-05-31,0.44420435815507564,0.002171790191147825
1995-06-30,1996-06-30,0.05488903273529313,0.0026068524977694955
1995-07-31,1996-07-31,0.3106815222021933,0.0025665387366531345
1995-08-31,1996-08-31,0.5524979332554929,0.0031734209807868807
1995-09-30,1996-09-30,0.36668722047202096,0.003514414441510359
1995-10-31,1996-10-31,0.21707106569967538,0.0032364625059091044
1995-11-30,1996-11-30,-0.026981940206353805,0.0026294298264542266
1995-12-31,1996-12-31,-0.025715236692042655,0.0031650380290324767
1996-01-31,1997-01-31,-0.0956056639984115,0.005040584331662005
1996-02-29,1997-02-28,0.08865929299210631,0.011172995131500094
1996-03-31,1997-03-31,0.7905174199426251,0.02419380815031327
1996-04-30,1997-04-30,1.1758163565286108,0.032504673690871885
1996-05-31,1997-05-31,1.3040962447904887,0.056888959787061974
1996-06-30,1997-06-30,1.4742730022279629,0.09494270560014029
1996-07-31,1997-07-31,1.2699320250106345,0.06828868894573391
1996-08-31,1997-08-31,1.121130489622976,0.04879139112710986
1996-09-30,1997-09-30,1.3037203694093322,0.06330911806289305
1996-10-31,1997-10-31,0.9436752329073322,0.07727940094397998
1996-11-30,1997-11-30,0.6016279349089612,0.1049156845931159
1996-12-31,1997-12-31,0.7249828790283223,0.10475581733810979
1997-01-31,1998-01-31,0.9574538793550401,0.11384217989479378
1997-02-28,1998-02-28,0.8814184910157137,0.0910390546543266
1997-03-31,1998-03-31,1.0591845319013886,0.03422162891218602
1997-04-30,1998-04-30,1.2506988826295524,0.0183176007326205
1997-05-31,1998-05-31,1.1181165402004958,0.0146679532952855
1997-06-30,1998-06-30,0.996084769827448,0.010803907912832167
1997-07-31,1998-07-31,0.6577325000549838,0.015572953362745468
1997-08-31,1998-08-31,0.6427564276487051,0.020094198289103138
1997-09-30,1998-09-30,0.7229927157343685,0.014677658510064489
1997-10-31,1998-10-31,0.5655338986593655,0.026896443828699736
1997-11-30,1998-11-30,0.27939024150281405,0.04543507235861342
1997-12-31,1998-12-31,0.15056260584867792,0.037821983089282
1998-01-31,1999-01-31,-0.058508722924718405,0.026307045422347422
1998-02-28,1999-02-28,-0.02889779490289327,0.0296986630342455
1998-03-31,1999-03-31,0.13267249484805602,0.022281112091061293
1998-04-30,1999-04-30,0.24637651459836216,0.016103210661983638
1998-05-31,1999-05-31,0.24438824338708381,0.02019622309252343
1998-06-30,1999-06-30,0.23727364848417254,0.02471186829952227
1998-07-31,1999-07-31,0.15922001458115898,0.041832086896680415
1998-08-31,1999-08-31,0.0545547543163355,0.04277041562727947
1998-09-30,1999-09-30,-0.4053795360734687,0.037935979908255764
1998-10-31,1999-10-31,-0.28424811173106257,0.04788209449973011
1998-11-30,1999-11-30,-0.12100430536364808,0.0711995627629626
1998-12-31,1999-12-31,-0.22292485170659326,0.08419462165221536
1999-01-31,2000-01-31,0.059970464838239194,0.10895165515617344
1999-02-28,2000-02-28,0.315337461979347,0.10515781495995258
1999-03-31,2000-03-31,0.522527027440978,0.08613173813921982
1999-04-30,2000-04-30,0.5541616069865976,0.07437296693215888
1999-05-31,2000-05-31,0.7667537457870172,0.07456748074488247
1999-06-30,2000-06-30,1.0440440376986289,0.07526668751175013
1999-07-31,2000-07-31,0.9061609114452106,0.08326903353726611
1999-08-31,2000-08-31,0.8972436692124788,0.09498195321141906
1999-09-30,2000-09-30,0.7559669921356251,0.16081942351175854
1999-10-31,2000-10-31,0.9563831188326644,0.14112801572134465
1999-11-30,2000-11-30,0.670375334488561,0.11727949359592521
1999-12-31,2000-12-31,0.7440481460655254,0.13180992084457788
2000-01-31,2001-01-31,1.0243859723798674,0.09434756541600664
2000-02-29,2001-02-28,1.0165402201496818,0.06786353309669839
2000-03-31,2001-03-31,0.6330289034679563,0.05093430397231749
2000-04-30,2001-04-30,0.3873172993914298,0.048674582447971286
2000-05-31,2001-05-31,0.5603608005657321,0.0354931679550269
2000-06-30,2001-06-30,0.3106695132163917,0.02284516432291558
2000-07-31,2001-07-31,-0.009948729615208896,0.028557259305447523
2000-08-31,2001-08-31,-0.3091263440155672,0.028964346039276282
2000-09-30,2001-09-30,-0.5034876852724125,0.036082991902601745
2000-10-31,2001-10-31,-0.819986047498354,0.02635245829894962
2000-11-30,2001-11-30,-0.9252924558220531,0.041052986441549866
2000-12-31,2001-12-31,-1.0985619916354616,0.03674402894942851
2001-01-31,2002-01-31,-0.7104854141821761,0.023595424643982916
2001-02-28,2002-02-28,-0.4329457191243769,0.023900594639679962
2001-03-31,2002-03-31,-0.25150114681285113,0.04338895811519573
2001-04-30,2002-04-30,0.3232404713183207,0.061547799553686215
2001-05-31,2002-05-31,0.9298988348355972,0.048241296213839074
2001-06-30,2002-06-30,0.9994348359527152,0.06828978819449151
2001-07-31,2002-07-31,0.9178374210993085,0.1027807150232673
2001-08-31,2002-08-31,0.7305293683274724,0.14503267812999565
2001-09-30,2002-09-30,0.8885553469826165,0.17802334602503184
2001-10-31,2002-10-31,1.1374825611403236,0.2410272475125793
2001-11-30,2002-11-30,1.7033592914428297,0.2644033177229577
2001-12-31,2002-12-31,2.4887253400072513,0.3052252209123021
2002-01-31,2003-01-31,2.3737633347189115,0.2179634442939406
2002-02-28,2003-02-28,2.224597143637209,0.16553993599023092
2002-03-31,2003-03-31,2.741784007169586,0.13609793710204704
2002-04-30,2003-04-30,2.7016600758581806,0.06714655554230137
2002-05-31,2003-05-31,2.5278259103882403,0.027496726972757013
2002-06-30,2003-06-30,2.1730852205321787,0.024577442224230698
2002-07-31,2003-07-31,1.5163473762663278,0.028031414271565712
2002-08-31,2003-08-31,0.9390360071515573,0.037505754046788374
2002-09-30,2003-09-30,0.6439233519454117,0.029365609455137897
2002-10-31,2003-10-31,0.7013358486447134,0.019548254958934374
2002-11-30,2003-11-30,1.1538567167000877,0.007017329358373099
2002-12-31,2003-12-31,1.145520733257352,0.0013406426740880794
2003-01-31,2004-01-31,1.0464482486022069,0.001737772263512754
2003-02-28,2004-02-28,0.8598843334751425,0.002411959520220639
2003-03-31,2004-03-31,0.831971427884307,0.0007416389166345416
2003-04-30,2004-04-30,0.9421791128607397,0.0008161989564035918
2003-05-31,2004-05-31,0.5807107138728603,0.0012257502007379793
2003-06-30,2004-06-30,0.5270171633983789,0.0026948575419827605
2003-07-31,2004-07-31,1.0210476481595268,0.009997867799275433
2003-08-31,2004-08-31,1.5702971225299056,0.027097356638514494
2003-09-30,2004-09-30,1.2619474254332312,0.042696695792976816
2003-10-31,2004-10-31,1.3678679799119307,0.03919470215531554
2003-11-30,2004-11-30,1.6083906990777623,0.01901424918480694
2003-12-31,2004-12-31,1.607126474841742,0.019284537504153074
2004-01-31,2005-01-31,1.3971098659355412,0.022754801059118413
2004-02-29,2005-02-28,1.355334896984867,0.030722637303866335
2004-03-31,2005-03-31,1.0386544691170077,0.03209326169128466
2004-04-30,2005-04-30,1.7963396796656794,0.026961100599738497
2004-05-31,2005-05-31,2.3513320891660983,0.04684061324818143
2004-06-30,2005-06-30,2.1958576129057747,0.0506085697065288
2004-07-31,2005-07-31,1.8437261508710272,0.02372486987308874
2004-08-31,2005-08-31,1.4995440457338474,0.009041469938132141
2004-09-30,2005-09-30,1.1892386822497507,0.01579124141820256
2004-10-31,2005-10-31,1.063840775919281,0.013099291158771028
2004-11-30,2005-11-30,1.0978345734202208,0.008415356046146337
2004-12-31,2005-12-31,1.0233282550596672,0.008435508190080019
2005-01-31,2006-01-31,1.0462608963848965,0.012429897558580682
2005-02-28,2006-02-28,1.047972933791589,0.013395598099638919
2005-03-31,2006-03-31,1.2720738513666288,0.023048832529790696
2005-04-30,2006-04-30,1.0222486893625526,0.005851367280688264
2005-05-31,2006-05-31,0.8763219821518401,0.0018267498071243228
2005-06-30,2006-06-30,0.6570185889558249,0.0025662915394496335
2005-07-31,2006-07-31,0.6324986799818909,0.005326032118620028
2005-08-31,2006-08-31,0.5504319272472888,0.010313256514708139
2005-09-30,2006-09-30,0.30771916352836093,0.01790259067153582
2005-10-31,2006-10-31,0.32262550481123214,0.022110026016085728
2005-11-30,2006-11-30,0.2974498643465292,0.020894271153022177
2005-12-31,2006-12-31,0.12110454031796548,0.02363637373200131
2006-01-31,2007-01-31,-0.2219770184181702,0.02276183193161459
2006-02-28,2007-02-28,-0.0946515547550255,0.022697651361049995
2006-03-31,2007-03-31,-0.11645244044170201,0.015514841107939126
2006-04-30,2007-04-30,-0.09095079057548408,0.023678230285214052
2006-05-31,2007-05-31,-0.08382360337117856,0.02993841376089408
2006-06-30,2007-06-30,-0.16376973725313115,0.041876435578253185
2006-07-31,2007-07-31,-0.3563323367803636,0.04342287983117162
2006-08-31,2007-08-31,-0.5681302624976844,0.04893675980313322
2006-09-30,2007-09-30,-0.6836422649176243,0.06856026399118292
2006-10-31,2007-10-31,-0.636858981098655,0.06720213558229061
2006-11-30,2007-11-30,-0.7443867472439207,0.06950815734969247
2006-12-31,2007-12-31,-0.8281213848348419,0.08740193124654516
2007-01-31,2008-01-31,-0.5567300461814083,0.13166930887452655
2007-02-28,2008-02-28,-0.5909901037977245,0.11371447002813673
2007-03-31,2008-03-31,-0.8607790902044029,0.11665812242507073
2007-04-30,2008-04-30,-0.8260473077884889,0.113220079977986
2007-05-31,2008-05-31,-0.6052263689680564,0.11227227398979789
2007-06-30,2008-06-30,-0.07888367354101365,0.12323200101382115
2007-07-31,2008-07-31,-0.4438223720534979,0.15263991623852474
2007-08-31,2008-08-31,-0.4652182939465053,0.18997005333486644
2007-09-30,2008-09-30,-0.44448097178155127,0.21251013439409128
2007-10-31,2008-10-31,-0.4880944015098975,0.20319878702644623
2007-11-30,2008-11-30,-0.42255951924554724,0.22496462508153708
2007-12-31,2008-12-31,-0.5981166226836034,0.24279217738547149
2008-01-31,2009-01-31,-0.8668559521927973,0.1878281051100829
2008-02-29,2009-02-28,-0.2301353765662933,0.1943101230581467
2008-03-31,2009-03-31,0.1121713844838274,0.24994700176922746
2008-04-30,2009-04-30,0.6643417539764843,0.2423415511816095
2008-05-31,2009-05-31,0.9404003988721223,0.19704321451590828
2008-06-30,2009-06-30,0.9693431943204155,0.11161867516605356
2008-07-31,2009-07-31,0.8670379858284399,0.16742689536275546
2008-08-31,2009-08-31,0.7237374003503665,0.17117908854347746
2008-09-30,2009-09-30,0.48120927321739904,0.16754159723550244
2008-10-31,2009-10-31,0.0661968311683364,0.17524986501911566
2008-11-30,2009-11-30,-0.23343125183211436,0.16375095395273964
2008-12-31,2009-12-31,0.08764075800455592,0.19567538194982093
2009-01-31,2010-01-31,0.45659201667450944,0.25129059401485127
2009-02-28,2010-02-28,0.6253278103593292,0.1328830007912491
2009-03-31,2010-03-31,0.6626062677155278,0.08839234473693824
2009-04-30,2010-04-30,0.8844628792643952,0.04142331855804756
2009-05-31,2010-05-31,1.119385407563279,0.027038138795770727
2009-06-30,2010-06-30,1.7459847632536134,0.025807179770940998
2009-07-31,2010-07-31,1.4966653373093044,0.030379277954533518
2009-08-31,2010-08-31,1.756051406207791,0.037893291493520255
2009-09-30,2010-09-30,1.5211647457908026,0.05401059361847951
2009-10-31,2010-10-31,1.5864013213460777,0.09362208640960873
2009-11-30,2010-11-30,1.3522143711893324,0.1333754950375448
2009-12-31,2010-12-31,1.3136055352401828,0.09115502331843472
2010-01-31,2011-01-31,1.5676016948823772,0.055912250215172585
2010-02-28,2011-02-28,1.3825061117046744,0.043883751333817236
2010-03-31,2011-03-31,1.4937758658609253,0.041530340022183046
2010-04-30,2011-04-30,1.6126354715010793,0.029556210065219884
2010-05-31,2011-05-31,1.1039366732192,0.020153217421301838
2010-06-30,2011-06-30,0.8765678322697483,0.006459510128566188
2010-07-31,2011-07-31,0.6552831820111671,0.010368149823359585
2010-08-31,2011-08-31,0.42918146409919783,0.006333642972589959
2010-09-30,2011-09-30,0.3672576955370596,0.009909015607683496
2010-10-31,2011-10-31,0.12542483010850286,0.00877196501100877
2010-11-30,2011-11-30,0.32665733230324157,0.013470267230233795
2010-12-31,2011-12-31,0.6830930840204611,0.014424250789267392
2011-01-31,2012-01-31,0.6975460028072342,0.009087279615882703
2011-02-28,2012-02-28,1.105638205469721,0.012760403903113258
2011-03-31,2012-03-31,0.9784810819349719,0.01042350433526565
2011-04-30,2012-04-30,1.1093725512909898,0.008348001823517505
2011-05-31,2012-05-31,0.8123489330525734,0.020682137622004493
2011-06-30,2012-06-30,0.4809082730014001,0.0299268117066819
2011-07-31,2012-07-31,0.4287427872872714,0.04198439908729609
2011-08-31,2012-08-31,0.10288691873695979,0.05809141661237222
2011-09-30,2012-09-30,0.15074148174331897,0.06325989106525463
2011-10-31,2012-10-31,0.29317982546095417,0.08692592557662371
2011-11-30,2012-11-30,0.18596416972349356,0.0668383903427146
2011-12-31,2012-12-31,0.18781025978292332,0.04028118351400135
2012-01-31,2013-01-31,0.15214297848605368,0.03941842862591046
2012-02-29,2013-02-28,0.11427384813512945,0.020623311761789123
2012-03-31,2013-03-31,0.29392641564629796,0.02542841706836419
2012-04-30,2013-04-30,0.16410780659102997,0.020494703584955982
2012-05-31,2013-05-31,0.1085700439765036,0.03308670865509026
2012-06-30,2013-06-30,0.16742086632405523,0.054033532394782764
2012-07-31,2013-07-31,0.07029982088307765,0.05812682683159889
2012-08-31,2013-08-31,0.09135183548016912,0.08943054536822415
2012-09-30,2013-09-30,0.02838422553501907,0.08417541971065168
2012-10-31,2013-10-31,0.07602793933021926,0.06990525518416012
2012-11-30,2013-11-30,0.06332834549552455,0.08045805498430048
2012-12-31,2013-12-31,0.08845137968166465,0.0802666971371882
2013-01-31,2014-01-31,0.1443995171207234,0.0840250858186034
2013-02-28,2014-02-28,0.14492652413327206,0.08815849671593828
2013-03-31,2014-03-31,0.13225197262502544,0.06983569940587804
2013-04-30,2014-04-30,0.11181402592277893,0.08274985576881688
2013-05-31,2014-05-31,0.21952941859233263,0.08879397987143994
2013-06-30,2014-06-30,0.4388032790632777,0.08239933251849713
2013-07-31,2014-07-31,0.47085585242513733,0.09314627413007665
2013-08-31,2014-08-31,0.5065514398229757,0.0907330134133415
2013-09-30,2014-09-30,0.6676616023540586,0.0980918453655577
2013-10-31,2014-10-31,0.4303494115386173,0.09248499257149545
2013-11-30,2014-11-30,0.29774889138014793,0.09395580107990653
2013-12-31,2014-12-31,0.36606802466113786,0.09106271841713237
2014-01-31,2015-01-31,0.5578882829971893,0.08485822582136054
2014-02-28,2015-02-28,0.4236539007766949,0.08480132801957802
2014-03-31,2015-03-31,0.5790984689451468,0.08617766944158356
2014-04-30,2015-04-30,0.6680773073495394,0.08843213811448886
2014-05-31,2015-05-31,0.6111408624123863,0.07703232089475222
2014-06-30,2015-06-30,0.7180687204177156,0.05731899407638831
2014-07-31,2015-07-31,0.8335664624116906,0.05480405110539108
2014-08-31,2015-08-31,0.8393902517564303,0.052106795186240645
2014-09-30,2015-09-30,1.0357841063489766,0.041219217661250286
2014-10-31,2015-10-31,0.7843795381422353,0.05799722193121437
2014-11-30,2015-11-30,0.8982324116155481,0.06948041415513334
2014-12-31,2015-12-31,0.959592420769857,0.06336258298022762
2015-01-31,2016-01-31,0.889476717496432,0.04841373890502464
2015-02-28,2016-02-28,1.0294006937943037,0.05853884500775624
2015-03-31,2016-03-31,0.9801456536922384,0.04695038063820841
2015-04-30,2016-04-30,0.804779391784459,0.041193718076380885
2015-05-31,2016-05-31,0.9768776984073171,0.04480716756630339
2015-06-30,2016-06-30,1.027900024187552,0.03821923220831683
2015-07-31,2016-07-31,0.9693926291634081,0.032013602287967846
2015-08-31,2016-08-31,0.8857982371428544,0.0317241351029645
2015-09-30,2016-09-30,0.897308330690066,0.023157924253287224
2015-10-31,2016-10-31,0.8420320360094581,0.034546411013761026
2015-11-30,2016-11-30,0.9142583296484341,0.028918971910631586
2015-12-31,2016-12-31,0.798150798196353,0.02621654182912999
2016-01-31,2017-01-31,0.6969062999854719,0.02932283904512271
2016-02-29,2017-02-28,0.41354073678694164,0.023402092957726214
2016-03-31,2017-03-31,0.5767255195821653,0.02535992484340791
2016-04-30,2017-04-30,0.55327702723116,0.033476650473675346
2016-05-31,2017-05-31,0.5522857618167424,0.025494538009194337
2016-06-30,2017-06-30,0.3728426432427417,0.02345980775868223
2016-07-31,2017-07-31,0.32022233199012773,0.025805118079026072
2016-08-31,2017-08-31,0.3884115019614715,0.02949390520632582
2016-09-30,2017-09-30,0.3635715230001634,0.028961376868604387
2016-10-31,2017-10-31,0.5233996759937452,0.03159354196423326
2016-11-30,2017-11-30,0.6604284039896695,0.02819173276655541
2016-12-31,2017-12-31,0.930674637676638,0.03382121963402061
2017-01-31,2018-01-31,1.0199427836549404,0.03945629457380397
2017-02-28,2018-02-28,0.9810186692087017,0.0593644538847124
2017-03-31,2018-03-31,0.72428375972546,0.04711231464486509
2017-04-30,2018-04-30,0.4832352727508243,0.048736662072745116
2017-05-31,2018-05-31,0.3835047830084424,0.048806304051460365
2017-06-30,2018-06-30,0.31046422927245726,0.06277953176118954
2017-07-31,2018-07-31,0.35250130050889317,0.06741967302747927
2017-08-31,2018-08-31,0.2637692069746475,0.06145546025024712
2017-09-30,2018-09-30,0.2844266820872898,0.06357850185220688
2017-10-31,2018-10-31,0.4396617285864434,0.05087086787491301
2017-11-30,2018-11-30,0.4347805712800015,0.041664958229183924
2017-12-31,2018-12-31,0.47294362552992536,0.02746262837374657
2018-01-31,2019-01-31,0.6024768869702092,0.0237678428569888
2018-02-28,2019-02-28,0.6771551583060945,0.02532406465113874
2018-03-31,2019-03-31,0.622255638528455,0.03786199684039833
2018-04-30,2019-04-30,0.7137619816907093,0.053856395726395674
2018-05-31,2019-05-31,0.8339585906581842,0.06187038291369937
2018-06-30,2019-06-30,0.8123268817970788,0.06830858107888428
2018-07-31,2019-07-31,0.846839902411775,0.06454285468019716
2018-08-31,2019-08-31,0.7997169426483289,0.072687912168333
2018-09-30,2019-09-30,0.8303547055693294,0.07072471970626988
2018-10-31,2019-10-31,0.8002499442021276,0.05725047380574635
2018-11-30,2019-11-30,0.64387750116802,0.05764094120615157
2018-12-31,2019-12-31,0.071639653299943,0.05464331264208394
2019-01-31,2020-01-31,-0.1273006958142972,0.04537875087983999
2019-02-28,2020-02-28,-0.1133107432116828,0.040640059482903994
2019-03-31,2020-03-31,-0.25414458465336237,0.044082403186396855
2019-04-30,2020-04-30,-0.24828156897805823,0.03846838861008814
2019-05-31,2020-05-31,-0.4573488409254136,0.031994043596122825
2019-06-30,2020-06-30,-0.6582822556857306,0.033087839157778576
2019-07-31,2020-07-31,-0.48190988720541783,0.03135701155907624
2019-08-31,2020-08-31,-0.6985357303273991,0.03373954580346894
2019-09-30,2020-09-30,-0.5239969220556917,0.032174171160730174
2019-10-31,2020-10-31,-0.2759185319712349,0.03371178701818824
2019-11-30,2020-11-30,-0.054046307549043396,0.04269959045191161
2019-12-31,2020-12-31,-0.037531633716148906,0.0929912852258103
2020-01-31,2021-01-31,-0.1758123437135832,0.11814286704162774
2020-02-29,2021-02-28,-0.3810942039326961,0.11623061591978401
2020-03-31,2021-03-31,0.021198053854032197,0.1364993687461281
2020-04-30,2021-04-30,0.09398534749322025,0.13561010544285512
2020-05-31,2021-05-31,0.005945623737888879,0.16979282012787678
2020-06-30,2021-06-30,-0.05288771728601327,0.20743210828660763
2020-07-31,2021-07-31,-0.0697189576143023,0.17414332969824264
2020-08-31,2021-08-31,-0.0519848381196288,0.21552590870085742
2020-09-30,2021-09-30,-0.05513608811064276,0.18176133475257894
2020-10-31,2021-10-31,-0.018459789563893794,0.13983675759429043
2020-11-30,2021-11-30,0.03697095783239962,0.10837370446308858
2020-12-31,2021-12-31,-0.014696285179520626,0.10625399825184312
2021-01-31,2022-01-31,-0.01597359823091702,0.12494576362827109
2021-02-28,2022-02-28,0.018990367264275686,0.1567342810919145
2021-03-31,2022-03-31,0.0992123412335157,0.0989587043266893
2021-04-30,2022-04-30,0.15232336427536197,0.09043442095014392
2021-05-31,2022-05-31,0.15329339980024198,0.10081713031915879
2021-06-30,2022-06-30,0.25192588043924363,0.10822401079395688
2021-07-31,2022-07-31,0.31816421917747767,0.110413317030645
2021-08-31,2022-08-31,0.3408311136911103,0.10810745906049934
2021-09-30,2022-09-30,0.364987848740843,0.10851464361997776
2021-10-31,2022-10-31,0.6637442822658258,0.1038435250995513
2021-11-30,2022-11-30,0.8619814159223578,0.09706335014394113
2021-12-31,2022-12-31,1.0759741268943157,0.1033725822328086
2022-01-31,2023-01-31,1.2982109621951499,0.10353224357611052
2022-02-28,2023-02-28,1.4849315373900391,0.09922613680959436
2022-03-31,2023-03-31,2.018805964731089,0.08984393700744031
2022-04-30,2023-04-30,2.373860242374108,0.0840057510874403
2022-05-31,2023-05-31,2.089543256129479,0.0839018346777739
2022-06-30,2023-06-30,1.5440553369924992,0.07383211865276124
2022-07-31,2023-07-31,0.710328387612583,0.06760640761783393
2022-08-31,2023-08-31,0.2945842498127378,0.0655717349271066
2022-09-30,2023-09-30,0.3576915141655826,0.06345593569459568
2022-10-31,2023-10-31,0.4011775137712258,0.04146013732678382
2022-11-30,2023-11-30,-0.4511425732131393,0.030621650710972965
2022-12-31,2023-12-31,-0.9816770964526244,0.02166940753906985
2023-01-31,2024-01-31,-1.3380765934264676,0.014820548246494158
2023-02-28,2024-02-28,-0.944232863499712,0.010594541863459225
2023-03-31,2024-03-31,-0.9728283062276115,0.0037301533287342845
2023-04-30,2024-04-30,-1.776506565414276,0.0017373965713372156
2023-05-31,2024-05-31,-2.0929594711196855,0.003217810984977297
2023-06-30,2024-06-30,-1.6201079591777618,0.009496176005150996
2023-07-31,2024-07-31,-1.2415693978036706,0.03866797837621569
2023-08-31,2024-08-31,-1.2390773489771163,0.06977445669977107
2023-09-30,2024-09-30,-0.8945698192397258,0.06408931760426005
2023-10-31,2024-10-31,-0.902127805708921,0.06038612075280178
2023-11-30,2024-11-30,-1.1569509750616496,0.16870462773661993
2023-12-31,2024-12-31,-1.5999702205335384,0.27737771729673455
2024-01-31,2025-01-31,-1.5932620566322955,0.36579872447710554
2024-02-29,2025-02-28,-1.3082638414439622,0.2687269304048019
2024-03-31,2025-03-31,-1.2674144618996228,0.27532113980059036
2024-04-30,2025-04-30,-0.7652840385649903,0.48470285243945777
2024-05-31,2025-05-31,-0.8454998197344239,0.5720269407986622
2024-06-30,2025-06-30,-1.1021108797893653,0.44155461205577373
2024-07-31,2025-07-31,-1.3185594616273817,0.34088082602117764
2024-08-31,2025-08-31,-1.6934593297829823,0.34024593870452946
2024-09-30,2025-09-30,-1.7487574129827568,0.2574662165107937
2024-10-31,2025-10-31,-0.9329101568600696,0.25916398102679306
2024-11-30,2025-11-30,-0.31969028217898676,0.31958543140116324
2024-12-31,2025-12-31,-0.11661197077916478,0.4360381150335477
2025-01-31,2026-01-31,0.061686024720807024,0.4342031971698309
2025-02-28,2026-02-28,-0.121354156846339,0.3580346555593257
2025-03-31,2026-03-31,-0.46137690670469567,0.34749154683548666
2025-04-30,2026-04-30,-0.7571783797670274,0.2293429974375652
2025-05-31,2026-05-31,-0.5837401869587102,0.24658567546372656
2025-06-30,2026-06-30,-0.6940052620325794,0.30608982731842793
2025-07-31,2026-07-31,-0.7747896339725777,0.36070947968347766
