spread_date,target_date,T10Y3M,recession_prob
1983-01-31,1984-01-31,2.34,0.038905190248666496
1983-02-28,1984-02-28,2.3305263157894736,0.13980190840880485
1983-03-31,1984-03-31,1.8469565217391304,0.10387230906970979
1983-04-30,1984-04-30,1.8864999999999998,0.10544015100000059
1983-05-31,1984-05-31,1.8842857142857143,0.07762460822389532
1983-06-30,1984-06-30,1.7090909090909092,0.05931313253290145
1983-07-31,1984-07-31,1.9274999999999998,0.025888013100074884
1983-08-31,1984-08-31,2.1069565217391304,0.0023583115040542104
1983-09-30,1984-09-30,2.2923809523809524,0.0020835303786665878
1983-10-31,1984-10-31,2.553,0.009987215397520805
1983-11-30,1984-11-30,2.5789473684210527,0.02279798592831458
1983-12-31,1984-12-31,2.4719047619047623,0.01977301306706524
1984-01-31,1985-01-31,2.4104761904761904,0.01971476015192315
1984-02-29,1985-02-28,2.3826315789473687,0.019917740407610893
1984-03-31,1985-03-31,2.4295454545454547,0.032900235207920965
1984-04-30,1985-04-30,2.5605,0.031625943507060134
1984-05-31,1985-05-31,3.1854545454545455,0.03169620477040663
1984-06-30,1985-06-30,3.302380952380952,0.03767787744632509
1984-07-31,1985-07-31,2.8314285714285714,0.030348065371600876
1984-08-31,1985-08-31,1.8156521739130433,0.02524792294537111
1984-09-30,1985-09-30,1.726842105263158,0.02075306795413336
1984-10-31,1985-10-31,2.0359090909090907,0.015593705842822067
1984-11-30,1985-11-30,2.6478947368421055,0.015146208690955204
1984-12-31,1985-12-31,3.162,0.017066157335542724
1985-01-31,1986-01-31,3.3642857142857148,0.018259184206178485
1985-02-28,1986-02-28,2.9516666666666667,0.018822945767704772
1985-03-31,1986-03-31,3.0252380952380955,0.017881449486852188
1985-04-30,1986-04-30,3.2128571428571426,0.015463207135849154
1985-05-31,1986-05-31,3.1136363636363638,0.007410050042319936
1985-06-30,1986-06-30,2.976,0.0064070513806195675
1985-07-31,1986-07-31,2.9904545454545457,0.01133795106491909
1985-08-31,1986-08-31,2.9613636363636364,0.033938774943846416
1985-09-30,1986-09-30,3.04,0.037032638569383276
1985-10-31,1986-10-31,2.835909090909091,0.027173993002672665
1985-11-30,1986-11-30,2.305263157894737,0.014010367358574343
1985-12-31,1986-12-31,1.929047619047619,0.0076271429538929784
1986-01-31,1987-01-31,1.8919047619047618,0.005926283226760041
1986-02-28,1987-02-28,1.4136842105263157,0.00983780280881829
1986-03-31,1987-03-31,1.0145,0.00900798610047148
1986-04-30,1987-04-30,1.0636363636363635,0.007163326809291746
1986-05-31,1987-05-31,1.3747619047619049,0.008092541397783284
1986-06-30,1987-06-30,1.4028571428571428,0.009556242969197385
1986-07-31,1987-07-31,1.3036363636363637,0.009392346774442168
1986-08-31,1987-08-31,1.4804761904761905,0.009724742865693093
1986-09-30,1987-09-30,2.0952380952380953,0.008849075634353328
1986-10-31,1987-10-31,2.103181818181818,0.011278672214312781
1986-11-30,1987-11-30,1.7505555555555556,0.020467708848544774
1986-12-31,1987-12-31,1.43,0.03030068006002615
1987-01-31,1988-01-31,1.5065,0.031454985965758915
1987-02-28,1988-02-28,1.4994736842105265,0.049826043083762615
1987-03-31,1988-03-31,1.4827272727272727,0.07098314531568249
1987-04-30,1988-04-30,2.2071428571428573,0.06805657505681999
1987-05-31,1988-05-31,2.7664999999999997,0.0516370948178498
1987-06-30,1988-06-30,2.5477272727272724,0.050324663030170774
1987-07-31,1988-07-31,2.567727272727273,0.055081411800903674
1987-08-31,1988-08-31,2.527142857142857,0.04683662658360362
1987-09-30,1988-09-30,2.8004761904761906,0.025557493663452793
1987-10-31,1988-10-31,3.169047619047619,0.02534729606145103
1987-11-30,1988-11-30,2.9705263157894737,0.036184798251952074
1987-12-31,1988-12-31,3.0281818181818183,0.049082103023527536
1988-01-31,1989-01-31,2.6610526315789476,0.04571155118570405
1988-02-29,1989-02-28,2.3695,0.04601315409043353
1988-03-31,1989-03-31,2.503478260869565,0.04673843723167894
1988-04-30,1989-04-30,2.6355,0.02272734334175318
1988-05-31,1989-05-31,2.6347619047619046,0.012227854384325719
1988-06-30,1989-06-30,2.2572727272727273,0.01568601515469975
1988-07-31,1989-07-31,2.1079999999999997,0.015338341934514155
1988-08-31,1989-08-31,1.9608695652173913,0.016050886220105417
1988-09-30,1989-09-30,1.499047619047619,0.011754906282570764
1988-10-31,1989-10-31,1.1985,0.007561329775733845
1988-11-30,1989-11-30,0.9339999999999999,0.009618957155496119
1988-12-31,1989-12-31,0.7571428571428571,0.008976099147335034
1989-01-31,1990-01-31,0.533,0.013802156104423535
1989-02-28,1990-02-28,0.33210526315789474,0.019093914746751525
1989-03-31,1990-03-31,0.21545454545454545,0.016479320653482517
1989-04-30,1990-04-30,0.213,0.01420897315472633
1989-05-31,1990-05-31,0.12318181818181818,0.01422087608345273
1989-06-30,1990-06-30,-0.15727272727272726,0.021547917496491282
1989-07-31,1990-07-31,-0.1285,0.025220509925959377
1989-08-31,1990-08-31,-0.05739130434782609,0.029339862887603665
1989-09-30,1990-09-30,0.176,0.04603149412187207
1989-10-31,1990-10-31,0.10809523809523809,0.06050222785914945
1989-11-30,1990-11-30,-0.06952380952380952,0.07598533633048718
1989-12-31,1990-12-31,-0.043500000000000004,0.08791164180226602
1990-01-31,1991-01-31,0.3085714285714286,0.10496448646035583
1990-02-28,1991-02-28,0.47105263157894733,0.12217908973914604
1990-03-31,1991-03-31,0.4186363636363637,0.13303969491052625
1990-04-30,1991-04-30,0.745,0.13327514484214464
1990-05-31,1991-05-31,0.7513636363636365,0.14208845088140232
1990-06-30,1991-06-30,0.4933333333333333,0.17209936388965424
1990-07-31,1991-07-31,0.5966666666666667,0.16884632570315344
1990-08-31,1991-08-31,1.0582608695652174,0.16097748929233524
1990-09-30,1991-09-30,1.295263157894737,0.13685908625415782
1990-10-31,1991-10-31,1.3195454545454546,0.1436066387146293
1990-11-30,1991-11-30,1.1015000000000001,0.16230285307295877
1990-12-31,1991-12-31,1.1255000000000002,0.1594686919940293
1991-01-31,1992-01-31,1.6823809523809523,0.12431846996512186
1991-02-28,1992-02-28,1.738421052631579,0.11007441396569878
1991-03-31,1992-03-31,2.0164999999999997,0.11453556948964905
1991-04-30,1992-04-30,2.213636363636364,0.08877903026610601
1991-05-31,1992-05-31,2.434090909090909,0.08832367160960097
1991-06-30,1992-06-30,2.533,0.10821635017989739
1991-07-31,1992-07-31,2.5218181818181815,0.0998939875630463
1991-08-31,1992-08-31,2.4022727272727273,0.06837212878777256
1991-09-30,1992-09-30,2.2765,0.05549856305440515
1991-10-31,1992-10-31,2.3831818181818183,0.05429565252187159
1991-11-30,1992-11-30,2.727894736842105,0.06586565195517889
1991-12-31,1992-12-31,2.9042857142857144,0.06450548940836189
1992-01-31,1993-01-31,3.1261904761904766,0.038666025475244635
1992-02-29,1993-02-28,3.3878947368421053,0.03661664296292059
1992-03-31,1993-03-31,3.4036363636363633,0.02772099423539429
1992-04-30,1993-04-30,3.6414285714285715,0.02257156510071708
1992-05-31,1993-05-31,3.6729999999999996,0.017792400707300444
1992-06-30,1993-06-30,3.516818181818182,0.015946331755957874
1992-07-31,1993-07-31,3.5650000000000004,0.016146445031774113
1992-08-31,1993-08-31,3.3866666666666667,0.018423762661418368
1992-09-30,1993-09-30,3.4466666666666663,0.021109483304829795
1992-10-31,1993-10-31,3.6561904761904764,0.01881166341584869
1992-11-30,1993-11-30,3.667368421052631,0.012785170242400657
1992-12-31,1993-12-31,3.4786363636363635,0.01040689256509426
1993-01-31,1994-01-31,3.5289473684210524,0.007969396273892424
1993-02-28,1994-02-28,3.2663157894736843,0.005751531238848949
1993-03-31,1994-03-31,2.960869565217391,0.005637569084762142
1993-04-30,1994-04-30,3.039047619047619,0.004143976167620982
1993-05-31,1994-05-31,3.0105,0.003974963093907674
1993-06-30,1994-06-30,2.8181818181818183,0.004875554465907288
1993-07-31,1994-07-31,2.6942857142857144,0.004580035593156969
1993-08-31,1994-08-31,2.5872727272727274,0.005760507287006589
1993-09-30,1994-09-30,2.3514285714285714,0.005336215586888304
1993-10-31,1994-10-31,2.242,0.004064166044123298
1993-11-30,1994-11-30,2.5445,0.004004650890454847
1993-12-31,1994-12-31,2.6463636363636365,0.005121685723183977
1994-01-31,1995-01-31,2.706,0.004799602958292943
1994-02-28,1995-02-28,2.6426315789473684,0.006702779915399859
1994-03-31,1995-03-31,2.891739130434783,0.009730475826867655
1994-04-30,1995-04-30,3.1915789473684213,0.008859253281280545
1994-05-31,1995-05-31,2.9157142857142855,0.009169128202224184
1994-06-30,1995-06-30,2.852272727272727,0.011514796523522863
1994-07-31,1995-07-31,2.8415,0.013288119149301447
1994-08-31,1995-08-31,2.6243478260869564,0.015004984771476146
1994-09-30,1995-09-30,2.7057142857142855,0.019472234633060557
1994-10-31,1995-10-31,2.6420000000000003,0.0219016392688241
1994-11-30,1995-11-30,2.506,0.015742745786516753
1994-12-31,1995-12-31,2.0490476190476192,0.01403477053600656
1995-01-31,1996-01-31,1.8780000000000001,0.013110911341585638
1995-02-28,1996-02-28,1.53,0.01409440681551733
1995-03-31,1996-03-31,1.2943478260869565,0.010562312441850184
1995-04-30,1996-04-30,1.2247368421052631,0.007354267486107919
1995-05-31,1996-05-31,0.785,0.01026706070288353
1995-06-30,1996-06-30,0.5290909090909092,0.011064458149779173
1995-07-31,1996-07-31,0.6849999999999999,0.011205080456786415
1995-08-31,1996-08-31,0.9226086956521738,0.014389736998068054
1995-09-30,1996-09-30,0.7635,0.013115209062128722
1995-10-31,1996-10-31,0.6004761904761905,0.014104520683920754
1995-11-30,1996-11-30,0.4123809523809524,0.016433204718891287
1995-12-31,1996-12-31,0.4175,0.02680884813424404
1996-01-31,1997-01-31,0.5019047619047619,0.03189635913849625
1996-02-29,1997-02-28,0.841,0.04471434839016461
1996-03-31,1997-03-31,1.170952380952381,0.05554431550594647
1996-04-30,1997-04-30,1.4236363636363636,0.059111865066326985
1996-05-31,1997-05-31,1.583181818181818,0.08594565633323492
1996-06-30,1997-06-30,1.6804999999999999,0.10528177498021452
1996-07-31,1997-07-31,1.5672727272727272,0.09315865418057734
1996-08-31,1997-08-31,1.4463636363636363,0.0767143412577325
1996-09-30,1997-09-30,1.5945,0.0874600665455953
1996-10-31,1997-10-31,1.4104545454545454,0.09959636534555505
1996-11-30,1997-11-30,1.0342105263157895,0.11507644336269818
1996-12-31,1997-12-31,1.2619047619047619,0.11463369039120291
1997-01-31,1998-01-31,1.4133333333333333,0.10750759628443873
1997-02-28,1998-02-28,1.2773684210526315,0.08209336487184171
1997-03-31,1998-03-31,1.41,0.06198945343439242
1997-04-30,1998-04-30,1.580909090909091,0.04937119912640584
1997-05-31,1998-05-31,1.5142857142857142,0.04252226543076116
1997-06-30,1998-06-30,1.4228571428571428,0.03873640070419219
1997-07-31,1998-07-31,1.0259090909090909,0.04316871206359854
1997-08-31,1998-08-31,1.019047619047619,0.048344919676803516
1997-09-30,1998-09-30,1.1238095238095238,0.04206714807579133
1997-10-31,1998-10-31,0.9168181818181819,0.04997436498415059
1997-11-30,1998-11-30,0.5938888888888889,0.06979777977655414
1997-12-31,1998-12-31,0.504090909090909,0.057185281297463954
1998-01-31,1999-01-31,0.36550000000000005,0.049842140045946226
1998-02-28,1999-02-28,0.3447368421052632,0.056398433869497305
1998-03-31,1999-03-31,0.4854545454545454,0.04999526815357831
1998-04-30,1999-04-30,0.5547619047619048,0.04261413279349767
1998-05-31,1999-05-31,0.5125,0.04537920941605928
1998-06-30,1999-06-30,0.37227272727272726,0.0494066918787018
1998-07-31,1999-07-31,0.3668181818181818,0.07029514688137961
1998-08-31,1999-08-31,0.30095238095238097,0.07070829448712501
1998-09-30,1999-09-30,0.06761904761904762,0.06460057447803193
1998-10-31,1999-10-31,0.45952380952380956,0.07708694756006759
1998-11-30,1999-11-30,0.2963157894736842,0.10011141291217573
1998-12-31,1999-12-31,0.1481818181818182,0.10732736487019784
1999-01-31,2000-01-31,0.27578947368421053,0.11918786105236351
1999-02-28,2000-02-28,0.4436842105263158,0.12104151689521675
1999-03-31,2000-03-31,0.6660869565217391,0.10887079193746568
1999-04-30,2000-04-30,0.7754545454545454,0.10321078983999327
1999-05-31,2000-05-31,0.9085000000000001,0.10663612897291702
1999-06-30,2000-06-30,1.184090909090909,0.11858757444162771
1999-07-31,2000-07-31,1.1061904761904762,0.11907085895598779
1999-08-31,2000-08-31,1.0654545454545454,0.12501667244414083
1999-09-30,2000-09-30,1.0928571428571427,0.14773375301485736
1999-10-31,2000-10-31,1.0885,0.11104477805000451
1999-11-30,2000-11-30,0.8065,0.125442903568048
1999-12-31,2000-12-31,0.9186363636363637,0.13959665290231799
2000-01-31,2001-01-31,1.162,0.12734201987436594
2000-02-29,2001-02-28,0.7925,0.11238794245964506
2000-03-31,2001-03-31,0.3926086956521739,0.09457175370869303
2000-04-30,2001-04-30,0.16894736842105262,0.08661557623134614
2000-05-31,2001-05-31,0.4459090909090909,0.07762460822389532
2000-06-30,2001-06-30,0.23545454545454544,0.06127661758576284
2000-07-31,2001-07-31,-0.0885,0.06559809349468446
2000-08-31,2001-08-31,-0.45130434782608697,0.06795009848694514
2000-09-30,2001-09-30,-0.376,0.06636087988935838
2000-10-31,2001-10-31,-0.5561904761904761,0.06661163096765996
2000-11-30,2001-11-30,-0.6390476190476191,0.0844509552477643
2000-12-31,2001-12-31,-0.6965,0.07696980389606045
2001-01-31,2002-01-31,-0.12428571428571428,0.062478863581189814
2001-02-28,2002-02-28,0.09368421052631579,0.08542201664480487
2001-03-31,2002-03-31,0.35000000000000003,0.11679798634113148
2001-04-30,2002-04-30,1.175,0.13754963333160436
2001-05-31,2002-05-31,1.6881818181818182,0.11219857973131436
2001-06-30,2002-06-30,1.7190476190476192,0.1311318851309236
2001-07-31,2002-07-31,1.6428571428571428,0.1643900287689502
2001-08-31,2002-08-31,1.5334782608695654,0.20760350892146784
2001-09-30,2002-09-30,2.0394117647058825,0.19812149900269743
2001-10-31,2002-10-31,2.369090909090909,0.22124779165160297
2001-11-30,2002-11-30,2.745,0.2323798384572301
2001-12-31,2002-12-31,3.3674999999999997,0.24027807841226123
2002-01-31,2003-01-31,3.350952380952381,0.1683731981167974
2002-02-28,2003-02-28,3.154736842105263,0.1450670331133882
2002-03-31,2003-03-31,3.4590000000000005,0.12056973430193701
2002-04-30,2003-04-30,3.465909090909091,0.06176916195101268
2002-05-31,2003-05-31,3.4040909090909093,0.03844964372608518
2002-06-30,2003-06-30,3.1945,0.037314839702117894
2002-07-31,2003-07-31,2.9395454545454545,0.04016686828723269
2002-08-31,2003-08-31,2.61,0.04456825101315212
2002-09-30,2003-09-30,2.211,0.027076243653386227
2002-10-31,2003-10-31,2.330909090909091,0.019102409299489073
2002-11-30,2003-11-30,2.7936842105263158,0.0125355791374842
2002-12-31,2003-12-31,2.8214285714285716,0.005902217750407075
2003-01-31,2004-01-31,2.8595238095238096,0.006027042036451101
2003-02-28,2004-02-28,2.7173684210526314,0.007695496124681043
2003-03-31,2004-03-31,2.6561904761904764,0.005252524877224896
2003-04-30,2004-04-30,2.8061904761904763,0.005206153676413225
2003-05-31,2004-05-31,2.480952380952381,0.005634308380370085
2003-06-30,2004-06-30,2.3980952380952383,0.007327792431310719
2003-07-31,2004-07-31,3.0549999999999997,0.00998074078090762
2003-08-31,2004-08-31,3.4761904761904763,0.014625208365433014
2003-09-30,2004-09-30,3.3190476190476192,0.02263470217954928
2003-10-31,2004-10-31,3.3486363636363636,0.01990950494141223
2003-11-30,2004-11-30,3.3477777777777775,0.011848160317155887
2003-12-31,2004-12-31,3.353181818181818,0.011471231864208186
2004-01-31,2005-01-31,3.25,0.010970672361392072
2004-02-29,2005-02-28,3.139473684210526,0.012940892174199433
2004-03-31,2005-03-31,2.8730434782608696,0.01387878214025282
2004-04-30,2005-04-30,3.38952380952381,0.011676943070135866
2004-05-31,2005-05-31,3.6759999999999997,0.016896196529565106
2004-06-30,2005-06-30,3.4457142857142857,0.018508056141478997
2004-07-31,2005-07-31,3.1404761904761904,0.008690124048391507
2004-08-31,2005-08-31,2.778181818181818,0.005137823181246716
2004-09-30,2005-09-30,2.4442857142857144,0.006274331603538038
2004-10-31,2005-10-31,2.3024999999999998,0.006044697927147685
2004-11-30,2005-11-30,2.0865,0.00605125489533069
2004-12-31,2005-12-31,2.0081818181818183,0.006010089374750764
2005-01-31,2006-01-31,1.8504999999999998,0.006840484924998814
2005-02-28,2006-02-28,1.5857894736842104,0.007840896289609855
2005-03-31,2006-03-31,1.7018181818181817,0.01079765425812336
2005-04-30,2006-04-30,1.5042857142857142,0.005739643391576634
2005-05-31,2006-05-31,1.2423809523809524,0.0039592286989064635
2005-06-30,2006-06-30,0.9618181818181818,0.005342727240833453
2005-07-31,2006-07-31,0.89,0.007831272566602135
2005-08-31,2006-08-31,0.7443478260869566,0.012063416055464021
2005-09-30,2006-09-30,0.7047619047619048,0.017594051933144488
2005-10-31,2006-10-31,0.671,0.020528635010915525
2005-11-30,2006-11-30,0.5605,0.02579039481871907
2005-12-31,2006-12-31,0.4961904761904762,0.02795821640551076
2006-01-31,2007-01-31,0.08,0.032784346430006814
2006-02-28,2007-02-28,0.02947368421052632,0.042417057090899275
2006-03-31,2007-03-31,0.09608695652173913,0.03794487092321763
2006-04-30,2007-04-30,0.26894736842105266,0.045806426902176206
2006-05-31,2007-05-31,0.2736363636363636,0.058191035463424114
2006-06-30,2007-06-30,0.18863636363636366,0.07422724580781537
2006-07-31,2007-07-31,0.011,0.07883059050478713
2006-08-31,2007-08-31,-0.21391304347826087,0.08882579603750451
2006-09-30,2007-09-30,-0.211,0.09169886560522189
2006-10-31,2007-10-31,-0.31714285714285717,0.0942031624309605
2006-11-30,2007-11-30,-0.4780952380952381,0.1027519467777343
2006-12-31,2007-12-31,-0.4085,0.10797972615454365
2007-01-31,2008-01-31,-0.3457142857142857,0.14646299460963635
2007-02-28,2008-02-28,-0.44052631578947365,0.1516952231236101
2007-03-31,2008-03-31,-0.5154545454545455,0.1448228501409241
2007-04-30,2008-04-30,-0.3128571428571429,0.12797948000565318
2007-05-31,2008-05-31,-0.12136363636363635,0.12754238062858064
2007-06-30,2008-06-30,0.36095238095238097,0.13562775184303616
2007-07-31,2008-07-31,0.04333333333333333,0.15363889640916717
2007-08-31,2008-08-31,0.35782608695652174,0.1786191203160482
2007-09-30,2008-09-30,0.5273684210526316,0.17828005834001875
2007-10-31,2008-10-31,0.525,0.19089573581261332
2007-11-30,2008-11-30,0.794,0.2110405320716212
2007-12-31,2008-12-31,1.0310000000000001,0.20218127359551674
2008-01-31,2009-01-31,0.9242857142857143,0.19438297967816526
2008-02-29,2009-02-28,1.5635,0.20623017051202253
2008-03-31,2009-03-31,2.2265,0.21588865406155294
2008-04-30,2009-04-30,2.3631818181818183,0.19037597943444923
2008-05-31,2009-05-31,2.1157142857142857,0.16804564459221766
2008-06-30,2009-06-30,2.209047619047619,0.11959213153079878
2008-07-31,2009-07-31,2.3527272727272726,0.15024778238070624
2008-08-31,2009-08-31,2.132857142857143,0.11987061064656412
2008-09-30,2009-09-30,2.5395238095238093,0.10542180390750044
2008-10-31,2009-10-31,3.128181818181818,0.10561456357626281
2008-11-30,2009-11-30,3.332777777777778,0.08531757606309037
2008-12-31,2009-12-31,2.3822727272727273,0.06998981111931778
2009-01-31,2010-01-31,2.388,0.07660668511819008
2009-02-28,2010-02-28,2.5747368421052634,0.0433231708810736
2009-03-31,2010-03-31,2.6036363636363635,0.02226562549197035
2009-04-30,2010-04-30,2.769047619047619,0.019225467240108287
2009-05-31,2010-05-31,3.116,0.025018622173074125
2009-06-30,2010-06-30,3.5431818181818184,0.022681554758022502
2009-07-31,2010-07-31,3.3786363636363634,0.01944483595426554
2009-08-31,2010-08-31,3.415238095238095,0.02457482981740593
2009-09-30,2010-09-30,3.2785714285714285,0.015830564649985338
2009-10-31,2010-10-31,3.3133333333333335,0.007950015072448557
2009-11-30,2010-11-30,3.3505263157894736,0.006166830485319776
2009-12-31,2010-12-31,3.5354545454545456,0.018830306924623837
2010-01-31,2011-01-31,3.6715789473684213,0.018713114822907245
2010-02-28,2011-02-28,3.582105263157895,0.015218066092466774
2010-03-31,2011-03-31,3.57695652173913,0.014730702865793716
2010-04-30,2011-04-30,3.6845454545454546,0.012191828313855874
2010-05-31,2011-05-31,3.2600000000000002,0.008069229150960106
2010-06-30,2011-06-30,3.080454545454545,0.0047118153466997326
2010-07-31,2011-07-31,2.853809523809524,0.005819508347916816
2010-08-31,2011-08-31,2.5436363636363635,0.0055548658659735125
2010-09-30,2011-09-30,2.4957142857142856,0.006600959619083927
2010-10-31,2011-10-31,2.4055,0.006319558733603879
2010-11-30,2011-11-30,2.62,0.006030286659806869
2010-12-31,2011-12-31,3.15,0.0047592921215129595
2011-01-31,2012-01-31,3.242,0.003982435755437518
2011-02-28,2012-02-28,3.444210526315789,0.004479032558627586
2011-03-31,2012-03-31,3.313913043478261,0.004509223494191101
2011-04-30,2012-04-30,3.3965000000000005,0.003914714822606978
2011-05-31,2012-05-31,3.127619047619048,0.006755791739371649
2011-06-30,2012-06-30,2.9650000000000003,0.008426112704206937
2011-07-31,2012-07-31,2.9655,0.011044523131609073
2011-08-31,2012-08-31,2.278695652173913,0.01575795704031099
2011-09-30,2012-09-30,1.9614285714285713,0.016621999454718248
2011-10-31,2012-10-31,2.133,0.018358866749210636
2011-11-30,2012-11-30,1.9994999999999998,0.014460744804975554
2011-12-31,2012-12-31,1.9666666666666666,0.007740364242843838
2012-01-31,2013-01-31,1.932,0.006908913296433569
2012-02-29,2013-02-28,1.8755,0.005353023185894228
2012-03-31,2013-03-31,2.088636363636364,0.0063149573568318735
2012-04-30,2013-04-30,1.9690476190476192,0.005688982262287834
2012-05-31,2013-05-31,1.7136363636363638,0.007955488162528538
2012-06-30,2013-06-30,1.5309523809523808,0.009682638985941006
2012-07-31,2013-07-31,1.4295238095238094,0.009676862177210742
2012-08-31,2013-08-31,1.5756521739130436,0.021059899986520463
2012-09-30,2013-09-30,1.6178947368421053,0.02932321330162016
2012-10-31,2013-10-31,1.6414285714285715,0.024571159485433862
2012-11-30,2013-11-30,1.5605,0.02820760979323253
2012-12-31,2013-12-31,1.6489999999999998,0.029167581415315138
2013-01-31,2014-01-31,1.8404761904761904,0.03021045351950527
2013-02-28,2014-02-28,1.8852631578947368,0.03197625562912777
2013-03-31,2014-03-31,1.8704999999999998,0.025733289747043375
2013-04-30,2014-04-30,1.699090909090909,0.02909706682305075
2013-05-31,2014-05-31,1.8840909090909093,0.037511786708321546
2013-06-30,2014-06-30,2.2495000000000003,0.04467430724525781
2013-07-31,2014-07-31,2.546818181818182,0.049103689153905984
2013-08-31,2014-08-31,2.6936363636363634,0.04282724093590619
2013-09-30,2014-09-30,2.7935,0.04113891533599565
2013-10-31,2014-10-31,2.5686363636363634,0.04022198955952034
2013-11-30,2014-11-30,2.650526315789474,0.04344631180028664
2013-12-31,2014-12-31,2.835238095238095,0.039930545684017174
2014-01-31,2015-01-31,2.814761904761905,0.033113046546312655
2014-02-28,2015-02-28,2.656842105263158,0.03166517372645116
2014-03-31,2015-03-31,2.670952380952381,0.03213654445018591
2014-04-30,2015-04-30,2.674285714285714,0.03804539061216775
2014-05-31,2015-05-31,2.526666666666667,0.03170239228118837
2014-06-30,2015-06-30,2.5628571428571427,0.021727328604864204
2014-07-31,2015-07-31,2.515909090909091,0.015701977842906802
2014-08-31,2015-08-31,2.3871428571428575,0.013298002433263928
2014-09-30,2015-09-30,2.5142857142857142,0.011850698446565458
2014-10-31,2015-10-31,2.287272727272727,0.0153226970935637
2014-11-30,2015-11-30,2.303888888888889,0.013968509847559266
2014-12-31,2015-12-31,2.178181818181818,0.01128753253703022
2015-01-31,2016-01-31,1.8539999999999999,0.011560839953726464
2015-02-28,2016-02-28,1.9573684210526314,0.01386849143126151
2015-03-31,2016-03-31,2.015,0.013647266366841116
2015-04-30,2016-04-30,1.9118181818181819,0.013595452248921648
2015-05-31,2016-05-31,2.181,0.01605941234951552
2015-06-30,2016-06-30,2.3486363636363636,0.0154223873600742
2015-07-31,2016-07-31,2.2922727272727275,0.016253062250793576
2015-08-31,2016-08-31,2.0952380952380953,0.018730614180024818
2015-09-30,2016-09-30,2.1485714285714286,0.016282458076051946
2015-10-31,2016-10-31,2.0533333333333332,0.02086715151245104
2015-11-30,2016-11-30,2.136842105263158,0.02049799157037037
2015-12-31,2016-12-31,2.0140909090909087,0.023433189984262172
2016-01-31,2017-01-31,1.827894736842105,0.032670210181970576
2016-02-29,2017-02-28,1.465,0.029444320521192988
2016-03-31,2017-03-31,1.591818181818182,0.027763647613515945
2016-04-30,2017-04-30,1.577142857142857,0.030831686742535336
2016-05-31,2017-05-31,1.5295238095238095,0.02336370397508508
2016-06-30,2017-06-30,1.3713636363636363,0.01953125285654892
2016-07-31,2017-07-31,1.2029999999999998,0.020755479491324672
2016-08-31,2017-08-31,1.2569565217391305,0.025557493663452793
2016-09-30,2017-09-30,1.3361904761904762,0.02417384201010617
2016-10-31,2017-10-31,1.433,0.026690629709983094
2016-11-30,2017-11-30,1.6895,0.02447261929983814
2016-12-31,2017-12-31,1.98,0.027789524750258494
2017-01-31,2018-01-31,1.9134999999999998,0.033529454623035346
2017-02-28,2018-02-28,1.8926315789473684,0.04751616507174929
2017-03-31,2018-03-31,1.733913043478261,0.04217462912107535
2017-04-30,2018-04-30,1.4889473684210526,0.042766723390319124
2017-05-31,2018-05-31,1.4004545454545454,0.04473437979807143
2017-06-30,2018-06-30,1.1877272727272727,0.05179766854815459
2017-07-31,2018-07-31,1.2315,0.060261959236173654
2017-08-31,2018-08-31,1.1769565217391305,0.05743888249550685
2017-09-30,2018-09-30,1.1555,0.05348306597296666
2017-10-31,2018-10-31,1.2666666666666668,0.04894628464740178
2017-11-30,2018-11-30,1.1028571428571428,0.0384006112755898
2017-12-31,2018-12-31,1.061,0.028774521566969212
2018-01-31,2019-01-31,1.1514285714285715,0.030779516573300473
2018-02-28,2019-02-28,1.2710526315789472,0.03143205446677547
2018-03-31,2019-03-31,1.1157142857142857,0.03677814501744641
2018-04-30,2019-04-30,1.0809523809523809,0.04646798295379808
2018-05-31,2019-05-31,1.0781818181818181,0.0504358474075052
2018-06-30,2019-06-30,0.9771428571428571,0.061080461202850767
2018-07-31,2019-07-31,0.8942857142857144,0.05875756044683336
2018-08-31,2019-08-31,0.8165217391304348,0.06166289767375975
2018-09-30,2019-09-30,0.8389473684210526,0.06283609042329602
2018-10-31,2019-10-31,0.859090909090909,0.056942062856214455
2018-11-30,2019-11-30,0.743,0.06578814975403734
2018-12-31,2019-12-31,0.4205263157894737,0.0682111948229944
2019-01-31,2020-01-31,0.29,0.06306065722579275
2019-02-28,2020-02-28,0.23842105263157895,0.0567187671787361
2019-03-31,2020-03-31,0.11714285714285715,0.06505742112717468
2019-04-30,2020-04-30,0.09952380952380951,0.06704772675664195
2019-05-31,2020-05-31,-0.00818181818181818,0.06720836069148708
2019-06-30,2020-06-30,-0.14550000000000002,0.07327209946097078
2019-07-31,2020-07-31,-0.08590909090909091,0.07854995678193843
2019-08-31,2020-08-31,-0.3640909090909091,0.08376093487034786
2019-09-30,2020-09-30,-0.23500000000000001,0.08223223142367336
2019-10-31,2020-10-31,0.028181818181818183,0.08087709266282173
2019-11-30,2020-11-30,0.24,0.08892250342016439
2019-12-31,2020-12-31,0.2976190476190476,0.11437251135260224
2020-01-31,2021-01-31,0.20523809523809527,0.12602512970012308
2020-02-29,2021-02-28,-0.04052631578947369,0.1308505260975953
2020-03-31,2021-03-31,0.5745454545454546,0.14269485266307935
2020-04-30,2021-04-30,0.5195238095238095,0.14447405570222865
2020-05-31,2021-05-31,0.5465,0.15567444950521497
2020-06-30,2021-06-30,0.5690909090909091,0.17076353689599372
2020-07-31,2021-07-31,0.4968181818181818,0.16410403556945757
2020-08-31,2021-08-31,0.5457142857142857,0.1966462702667362
2020-09-30,2021-09-30,0.570952380952381,0.1810856192299694
2020-10-31,2021-10-31,0.6866666666666666,0.15183061052609204
2020-11-30,2021-11-30,0.7789473684210527,0.1307009407380293
2020-12-31,2021-12-31,0.8463636363636364,0.1253229957139544
2021-01-31,2022-01-31,0.9973684210526316,0.13402158424748195
2021-02-28,2022-02-28,1.2152631578947368,0.1591469136032138
2021-03-31,2022-03-31,1.5795652173913042,0.101635070335374
2021-04-30,2022-04-30,1.614090909090909,0.1060612321459169
2021-05-31,2022-05-31,1.6030000000000002,0.10387405834152108
2021-06-30,2022-06-30,1.4831818181818184,0.10206775428965809
2021-07-31,2022-07-31,1.266190476190476,0.10792779052808754
2021-08-31,2022-08-31,1.2286363636363637,0.10393729636502247
2021-09-30,2022-09-30,1.332857142857143,0.10191994191016929
2021-10-31,2022-10-31,1.5305,0.09303488029818785
2021-11-30,2022-11-30,1.508,0.08636999127593331
2021-12-31,2022-12-31,1.4063636363636363,0.08173133315206138
2022-01-31,2023-01-31,1.6184999999999998,0.07202592309296295
2022-02-28,2023-02-28,1.6194736842105264,0.05961098233536294
2022-03-31,2023-03-31,1.6804347826086956,0.042668529821040926
2022-04-30,2023-04-30,1.984,0.04128869907225581
2022-05-31,2023-05-31,1.9052380952380952,0.04172795199237063
2022-06-30,2023-06-30,1.6047619047619048,0.04671863058953931
2022-07-31,2023-07-31,0.5980000000000001,0.05696634798588451
2022-08-31,2023-08-31,0.1760869565217391,0.05890737507659126
2022-09-30,2023-09-30,0.29714285714285715,0.053645018304831274
2022-10-31,2023-10-31,0.11099999999999999,0.0446933231868805
2022-11-30,2023-11-30,-0.43200000000000005,0.04564737033037264
2022-12-31,2023-12-31,-0.741904761904762,0.050162744609704345
2023-01-31,2024-01-31,-1.1560000000000001,0.04111512250437115
2023-02-28,2024-02-28,-1.0410526315789475,0.04107687049390726
2023-03-31,2024-03-31,-1.1956521739130435,0.038738842662383415
2023-04-30,2024-04-30,-1.6135000000000002,0.02865746597514613
2023-05-31,2024-05-31,-1.7345454545454544,0.031036505611278093
2023-06-30,2024-06-30,-1.6676190476190478,0.041657920354787915
2023-07-31,2024-07-31,-1.589,0.09978974598534263
2023-08-31,2024-08-31,-1.391304347826087,0.1368505868605906
2023-09-30,2024-09-30,-1.1765,0.12536679891874747
2023-10-31,2024-10-31,-0.8066666666666668,0.14331347981870746
2023-11-30,2024-11-30,-1.02,0.20514757109149628
2023-12-31,2024-12-31,-1.4220000000000002,0.24662211740590712
2024-01-31,2025-01-31,-1.3957142857142857,0.3083710155271453
2024-02-29,2025-02-28,-1.233,0.29056354331533474
2024-03-31,2025-03-31,-1.26,0.3146230212893417
2024-04-30,2025-04-30,-0.9045454545454544,0.3834509558379502
2024-05-31,2025-05-31,-0.9727272727272727,0.40421810185866436
2024-06-30,2025-06-30,-1.2010526315789474,0.3926984260770603
2024-07-31,2025-07-31,-1.1831818181818183,0.3792859584420193
2024-08-31,2025-08-31,-1.4245454545454546,0.3462265641068074
2024-09-30,2025-09-30,-1.1985,0.311596489397089
2024-10-31,2025-10-31,-0.6227272727272727,0.255823788561732
2024-11-30,2025-11-30,-0.26421052631578945,0.28735495671736744
2024-12-31,2025-12-31,0.00047619047619047527,0.3512907526674556
2025-01-31,2026-01-31,0.28619047619047616,0.3469524550340141
2025-02-28,2026-02-28,0.11894736842105265,0.32056074882521635
2025-03-31,2026-03-31,-0.05523809523809523,0.3248822296538115
2025-04-30,2026-04-30,-0.043333333333333335,0.27006353822532564
2025-05-31,2026-05-31,0.062380952380952384,0.28021194549053846
2025-06-30,2026-06-30,-0.0375,0.3154786991832659
2025-07-31,2026-07-31,-0.020454545454545454,0.312650955950504
